<?xml version="1.0" encoding="UTF-8"?>
<project-private xmlns="http://www.netbeans.org/ns/project-private/1">
    <editor-bookmarks xmlns="http://www.netbeans.org/ns/editor-bookmarks/2" lastBookmarkId="0"/>
    <open-files xmlns="http://www.netbeans.org/ns/projectui-open-files/2">
        <group>
            <file>file:/D:/Coding/Node%20Projects/Scrapper/public_html/more.js</file>
            <file>file:/D:/Coding/Node%20Projects/Scrapper/public_html/jsonFiles/turning.json</file>
            <file>file:/D:/Coding/Node%20Projects/Scrapper/public_html/jsonFiles/file1.json</file>
            <file>file:/D:/Coding/Node%20Projects/Scrapper/public_html/node_modules/domutils/index.js</file>
            <file>file:/D:/Coding/Node%20Projects/Scrapper/public_html/crawl1.js</file>
            <file>file:/D:/Coding/Node%20Projects/Scrapper/public_html/test7.js</file>
            <file>file:/D:/Coding/Node%20Projects/Scrapper/public_html/crawl.js</file>
        </group>
    </open-files>
</project-private>
